period,total_supply_tonnes,total_mine_supply_tonnes,recycled_gold_tonnes,jewellery_fabrication_tonnes,technology_tonnes,investment_tonnes,central_banks_tonnes,otc_and_other_tonnes,lbma_gold_price_usd_oz,year,quarter,is_published
2010Q1,996.5425469200,620.2579644700,376.2845824500,564.0743614000,115.8465306500,283.3328854500,59.7102306600,-26.4214612400,1109.1150793700,2010,1,True
2010Q2,1144.6503225900,689.4161298600,455.2341927300,432.7592788400,116.5570475100,619.5359412900,14.2142568500,-38.4162019000,1196.7418032800,2010,2,True
2010Q3,1055.9933999800,673.7460102400,382.2473897400,560.4246207300,119.8360324000,382.0357574300,24.0358804800,-30.3388910600,1226.7500000000,2010,3,True
2010Q4,1119.6231058000,662.2254233700,457.3976824300,531.3126105800,114.7761732500,368.0455128900,-18.8098654900,124.2986745700,1366.7822580600,2010,4,True
2011Q1,1034.4042508900,677.4283511800,356.9758997100,610.0489938700,112.8530959000,353.4359342400,142.4637611600,-184.3975342800,1386.2658730200,2011,1,True
2011Q2,1140.9342021700,738.1108157100,402.8233864600,539.0775045600,114.7781686900,398.6582480500,69.4448052900,18.9754755800,1506.1291666700,2011,2,True
2011Q3,1212.0584543500,757.6980800900,454.3603742600,510.4532011500,111.5738571700,541.0331236200,148.8080393700,-99.8097669600,1702.1153846200,2011,3,True
2011Q4,1138.3242433000,726.1525833500,412.1716599500,473.8928161000,98.6312984900,486.5466868400,120.0698916000,-40.8164497300,1688.0081967200,2011,4,True
2012Q1,1086.4111391400,685.4589362600,400.9522028800,560.1354669300,102.9871258400,416.3667433700,122.4740230900,-115.5522200900,1690.5703125000,2012,1,True
2012Q2,1119.7986626400,719.0061299900,400.7925326500,497.1461615300,99.4598088200,300.3989249000,170.6899964400,52.1037709500,1609.4933333300,2012,2,True
2012Q3,1214.6046363400,770.7490155800,443.8556207600,551.4647372400,97.4519605000,451.2693123200,117.7558554900,-3.3372292100,1651.9960937500,2012,3,True
2012Q4,1127.8317334100,736.6693345300,391.1623988800,553.5479023300,90.5394178200,467.8175724500,158.2634133300,-142.3365725200,1721.7943548400,2012,4,True
2013Q1,1059.5428858900,717.7855412400,341.7573446500,613.2213316600,91.5702342200,255.7559509200,170.5474858900,-71.5521168000,1631.7741935500,2013,1,True
2013Q2,1038.4850646100,767.1056644400,271.3794001700,817.3355080400,94.6387562400,180.1599068400,181.4353685000,-235.0844750100,1414.7983871000,2013,2,True
2013Q3,1139.4337348000,839.6949737600,299.7387610400,697.4468694100,91.3408784200,203.1170096700,126.8812479600,20.6477293400,1326.2830769200,2013,3,True
2013Q4,1108.3389571700,825.9061318200,282.4328253500,640.5264508000,85.1494021400,164.7818520600,150.5862495300,67.2950026400,1276.1572580600,2013,4,True
2014Q1,1123.6092178900,764.8842325100,358.7249853800,615.3160820700,84.8321778600,283.2463780700,118.7979715900,21.4166083000,1293.0595238100,2014,1,True
2014Q2,1106.6717645500,845.9971743300,260.6745902200,619.9029539500,88.1120758100,224.5630885500,169.5963047100,4.4973415300,1288.3852459000,2014,2,True
2014Q3,1111.8656330500,857.7248497800,254.1407832700,651.2144977700,91.1882993700,192.0977151800,176.9810471000,0.3840736300,1281.9384615400,2014,3,True
2014Q4,1176.5059421300,920.4577310100,256.0482111200,657.4688174900,90.9187107700,198.9440758200,135.7567234600,93.4176145900,1201.3991935500,2014,4,True
2015Q1,1123.8242234400,786.3230722200,337.5011512200,623.4553373300,85.2949912600,293.5414737800,103.0653153900,18.4671056800,1218.4500000000,2015,1,True
2015Q2,1078.3737992100,824.7467931300,253.6270060800,552.3440641100,85.2774909300,197.4402408700,141.3595660200,101.9524372800,1192.3491803300,2015,2,True
2015Q3,1132.0235895200,883.2001600300,248.8234294900,673.0100105800,84.4230582600,239.2879858600,172.4050255000,-37.1024906800,1124.3084615400,2015,3,True
2015Q4,1113.2919996300,886.1686059000,227.1233937300,630.5651634200,82.9950312100,233.2324026000,162.7203887200,3.7790136800,1106.4508064500,2015,4,True
2016Q1,1265.9775868100,924.2719499400,341.7056368700,484.1954943400,77.7839220900,617.3242326300,110.5879015100,-23.9139637600,1182.5604838700,2016,1,True
2016Q2,1225.3733250400,897.5124811300,327.8608439100,456.8796126300,81.5308662800,460.3842434400,84.9243721300,141.6542305600,1259.6246031700,2016,2,True
2016Q3,1195.7560270900,877.0697001300,318.6863269600,516.4862152000,84.0188140300,348.6769030600,88.9506457900,157.6234490100,1334.7761538500,2016,3,True
2016Q4,1147.1120243600,903.2222439100,243.8897804500,565.7381690200,85.9013677100,195.7010113600,110.3969052200,189.3745710500,1221.5532786900,2016,4,True
2017Q1,1107.2816452700,834.0340715200,273.2475737500,551.8959046500,80.3500822000,415.1169253900,92.0428836200,-32.1241505900,1219.4882812500,2017,1,True
2017Q2,1165.0529567000,894.8011180700,270.2518386300,551.4032509800,83.0080000400,313.6215236200,96.2612555300,120.7589265300,1256.5909836100,2017,2,True
2017Q3,1255.3155514900,951.8077370700,303.5078144200,541.5991728900,85.8827455600,266.5724097300,96.5934287500,264.6677945600,1277.9085937500,2017,3,True
2017Q4,1212.2923417200,946.9067874200,265.3855543000,622.4542070100,90.1498416500,326.6323160400,93.6585248000,79.3974522200,1275.4245901600,2017,4,True
2018Q1,1172.1122092800,906.6438809500,265.4683283300,532.5334118500,83.5092138900,291.4895790900,84.7973520900,179.7826523600,1329.2849206300,2018,1,True
2018Q2,1159.1378050100,879.0458012800,280.0920037300,538.3587907700,85.0423146200,280.3704773500,152.7710055600,102.5952167100,1305.9879032300,2018,2,True
2018Q3,1257.6785688500,948.6225685400,309.0560003100,589.2412625400,87.1430532000,194.4115505400,240.5450959400,146.3376066300,1213.1937500000,2018,3,True
2018Q4,1257.5987742400,980.5175323300,277.0812419100,637.5205669400,85.9795093400,400.8603214800,178.1156613900,-44.8772849100,1226.2830645200,2018,4,True
2019Q1,1136.5711867800,854.6949998200,281.8761869600,547.5434556300,81.4988217600,302.9558436000,146.2310672800,58.3419985100,1303.7865079400,2019,1,True
2019Q2,1252.3830673200,946.7196184600,305.6634488600,560.5917204400,82.3465665800,296.8329867000,227.8103649600,84.8014286400,1309.3877049200,2019,2,True
2019Q3,1301.6278022700,945.8672747300,355.7605275400,487.2776332000,83.7148863800,413.6205710500,113.4577442000,203.5569674400,1472.4746153800,2019,3,True
2019Q4,1257.4310237900,925.0736790900,332.3573447000,566.9187664300,85.0762448800,268.3895826500,117.9135248800,219.1329049500,1480.9604838700,2019,4,True
2020Q1,1184.6234295500,883.6200317000,301.0033978500,330.6652386000,74.1201506100,555.9313078900,140.7671603300,83.1395721200,1582.8007812500,2020,1,True
2020Q2,1049.3208206400,764.1262165300,285.1946041100,201.1424297000,70.2617745300,597.1280938900,63.7369230400,117.0515994800,1711.1254098400,2020,2,True
2020Q3,1284.3709082000,906.4147118200,377.9561963800,314.3133505600,78.8150811900,508.5392717300,-10.5978059000,393.3010106200,1908.5569230800,2020,3,True
2020Q4,1240.4027277500,911.5015055900,328.9012221600,485.7713864000,85.7516252400,146.0744364900,61.0384429600,461.7668366600,1874.2346774200,2020,4,True
2021Q1,1116.9041413100,847.2059086800,269.6982326300,546.4100108700,82.6859486400,181.4499903000,115.6058809100,190.7523105900,1794.0071428600,2021,1,True
2021Q2,1147.1318372000,869.0433831700,278.0884540300,465.1269083200,81.5673082500,292.3250017900,209.6435914500,98.4690273900,1816.4795082000,2021,2,True
2021Q3,1222.9244883500,930.0460933200,292.8783950300,520.1059412900,85.1787588000,233.9103850000,90.5647230300,293.1646802300,1789.5223076900,2021,3,True
2021Q4,1283.0184196400,987.9234007300,295.0950189100,720.8444780500,87.6876841600,304.1345748700,34.2982283600,136.0534542000,1795.2500000000,2021,4,True
2022Q1,1177.3187117900,883.0780731300,294.2406386600,518.5827675500,82.5998125700,561.9565998100,82.4363824100,-68.2568505500,1877.1626984100,2022,1,True
2022Q2,1197.1317985500,913.0069576000,284.1248409500,498.6181151000,79.5056039100,215.6211057400,158.5672611000,244.8197127000,1870.5825000000,2022,2,True
2022Q3,1218.0517845100,950.1922436500,267.8595408600,586.1707595200,78.7729017400,106.8139071300,456.9084538300,-10.6142377100,1728.9140625000,2022,3,True
2022Q4,1244.6546355700,954.7835533300,289.8710822400,605.0622724000,73.8603788000,251.1091099400,382.0971213900,-67.4742469600,1725.8450819700,2022,4,True
2023Q1,1218.2479046400,909.0523161200,309.1955885200,535.4018365000,72.8305868800,279.9453641600,290.4187947000,39.6513224000,1889.9187500000,2023,1,True
2023Q2,1222.6486524100,898.7886602200,323.8599921900,501.5229454100,72.7821927500,256.9753966400,176.3413114700,215.0268061400,1975.9275000000,2023,2,True
2023Q3,1263.8897451400,974.3973580100,289.4923871300,584.7381088400,77.3054763300,161.5733141900,367.2645436100,73.0083021700,1928.4789062500,2023,3,True
2023Q4,1303.2669333800,992.1928221400,311.0741112400,586.7668480400,82.1919460700,263.1641411000,216.7900684500,154.3539297200,1971.4877049200,2023,4,True
2024Q1,1203.6290445500,854.8127290800,348.8163154700,538.6941945600,80.2089611700,211.1569887900,313.2969825000,60.2719175300,2069.7960317500,2024,1,True
2024Q2,1241.5510544900,907.3174576800,334.2335968100,416.5763355800,80.2299395000,272.1360445300,211.5195922500,261.0891426300,2338.1758064500,2024,2,True
2024Q3,1304.7363904800,980.1865241500,324.5498663300,546.0623267500,82.9120616400,372.4213840900,196.3897664000,106.9508516000,2474.2915384600,2024,3,True
2024Q4,1309.8236037300,952.1210742500,357.7025294800,523.8783379500,82.8340646800,349.7069598100,365.0857146000,-11.6814733100,2663.3766129000,2024,4,True
2025Q1,1201.4095628600,852.8169089800,348.5926538800,434.5609486700,80.4389577000,564.5007143300,235.8739936000,-113.9650514400,2859.6190476200,2025,1,True
2025Q2,1268.5822810400,921.8791433000,346.7031377400,354.1886379100,78.6372723000,486.7571299400,177.8546575900,171.1445833000,3280.3524590200,2025,2,True
2025Q3,1370.6008972700,1027.8567879400,342.7441093300,420.0196618900,81.6904416600,554.1289651000,226.2523121000,88.5095165200,3456.5438461500,2025,3,True
2025Q4,1332.1553673900,966.4045156000,365.7508517900,438.9033663500,82.1061670400,603.8683708000,208.1880269200,-0.9105637200,4135.2354838700,2025,4,True
2026Q1,1253.0665625500,879.2602571200,373.8063054300,332.0651989300,81.5991595700,539.2093168000,56.5173325000,243.6755547500,4872.8896825400,2026,1,True
2026Q2,1268.8914371100,942.7978550200,326.0935820900,310.3298966100,80.3546188700,262.2445991900,288.8620134500,327.1003089900,4506.2852459000,2026,2,True
