period,total_supply_tonnes,total_mine_supply_tonnes,recycled_gold_tonnes,jewellery_fabrication_tonnes,technology_tonnes,investment_tonnes,central_banks_tonnes,otc_and_other_tonnes,lbma_gold_price_usd_oz,year,is_complete
2010,4316.8093752900,2645.6455279400,1671.1638473500,2088.5708715500,467.0157838100,1652.9500970600,79.1505025000,29.1221203700,1224.5209163300,2010,True
2011,4525.7211507100,2899.3898303300,1626.3313203800,2133.4725156800,437.8364202500,1779.6739927500,480.7864974200,-306.0482753900,1571.5200803200,2011,True
2012,4548.6461715300,2911.8834163600,1636.7627551700,2162.2942680300,390.4383129800,1635.8525530400,569.1832883500,-209.1222508700,1668.9804000000,2012,True
2013,4345.8006424700,3150.4923112600,1195.3083312100,2768.5301599100,362.6992710200,803.8147194900,629.4503518800,-218.6938598300,1411.2256972100,2013,True
2014,4518.6525576200,3389.0639876300,1129.5885699900,2543.9023512800,355.0512638100,898.8512576200,601.1320468600,119.7156380500,1266.4023904400,2014,True
2015,4447.5136118000,3380.4386312800,1067.0749805200,2479.3745754400,337.9905716600,963.5021031100,579.5502956300,87.0960659600,1160.0623506000,2015,True
2016,4834.2189633000,3602.0763751100,1232.1425881900,2023.2994911900,329.2349701100,1622.0863904900,394.8598246500,464.7382868600,1250.7980079700,2016,True
2017,4739.9424951800,3627.5497140800,1112.3927811000,2267.3525355300,339.3906694500,1321.9431747800,378.5560927000,432.7000227200,1257.1454000000,2017,True
2018,4846.5273573800,3714.8297831000,1131.6975742800,2297.6540321000,341.6740910500,1167.1319284600,656.2291149800,383.8381907900,1268.4866533900,2018,True
2019,4948.0130801600,3672.3555721000,1275.6575080600,2162.3315757000,332.6365196000,1281.7989840000,605.4127013200,565.8332995400,1392.5960159400,2019,True
2020,4758.7178861400,3465.6624656400,1293.0554205000,1331.8924052600,308.9486315700,1807.6731100000,254.9447204300,1055.2590188800,1769.5898809500,2020,True
2021,4769.9788865000,3634.2187859000,1135.7601006000,2252.4873385300,337.1196998500,1011.8199519600,450.1124237500,718.4394724100,1798.6141434300,2021,True
2022,4837.1569304200,3701.0608277100,1136.0961027100,2208.4339145700,314.7386970200,1135.5007226200,1080.0092187300,98.4743774800,1800.0937500000,2022,True
2023,5008.0532355700,3774.4311564900,1233.6220790800,2208.4297387900,305.1102020300,961.6582160900,1050.8147182300,482.0403604300,1940.5375502000,2023,True
2024,5059.7400932500,3694.4377851600,1365.3023080900,2025.2111948400,326.1850269900,1205.4213772200,1086.2920557500,416.6304384500,2386.1998015900,2024,True
2025,5172.7481085600,3768.9573558200,1403.7907527400,1647.6726148200,322.8728387000,2209.2551801700,848.1689902100,144.7784846600,3431.5436255000,2025,True
