observation_date,cnm2_cny
1990-01-01,1248030000000
1990-02-01,1248030000000
1990-03-01,1248030000000
1990-04-01,1318730000000
1990-05-01,1318730000000
1990-06-01,1318730000000
1990-07-01,1422800000000
1990-08-01,1422800000000
1990-09-01,1422800000000
1990-10-01,1529340000000
1990-11-01,1529340000000
1990-12-01,1529340000000
1991-01-01,1624970000000
1991-02-01,1624970000000
1991-03-01,1624970000000
1991-04-01,1705110000000
1991-05-01,1705110000000
1991-06-01,1705110000000
1991-07-01,1824570000000
1991-08-01,1824570000000
1991-09-01,1824570000000
1991-10-01,1934990000000
1991-11-01,1934990000000
1991-12-01,1934990000000
1992-01-01,2060830000000
1992-02-01,2060830000000
1992-03-01,2060830000000
1992-04-01,2211830000000
1992-05-01,2211830000000
1992-06-01,2211830000000
1992-07-01,2356390000000
1992-08-01,2356390000000
1992-09-01,2356390000000
1992-10-01,2540220000000
1992-11-01,2540220000000
1992-12-01,2540220000000
1993-01-01,2946020000000
1993-02-01,2946020000000
1993-03-01,2946020000000
1993-04-01,3086020000000
1993-05-01,3086020000000
1993-06-01,3086020000000
1993-07-01,3179560000000
1993-08-01,3179560000000
1993-09-01,3179560000000
1993-10-01,3487980000000
1993-11-01,3487980000000
1993-12-01,3487980000000
1994-01-01,3701030000000
1994-02-01,3701030000000
1994-03-01,3701030000000
1994-04-01,4003950000000
1994-05-01,4003950000000
1994-06-01,4003950000000
1994-07-01,4351350000000
1994-08-01,4351350000000
1994-09-01,4351350000000
1994-10-01,4692350000000
1994-11-01,4692350000000
1994-12-01,4692350000000
1995-01-01,5029710000000
1995-02-01,5029710000000
1995-03-01,5029710000000
1995-04-01,5315030000000
1995-05-01,5315030000000
1995-06-01,5315030000000
1995-07-01,5681320000000
1995-08-01,5681320000000
1995-09-01,5681320000000
1995-10-01,6075050000000
1995-11-01,6075050000000
1995-12-01,6075050000000
1996-01-01,6451210000000
1996-02-01,6451210000000
1996-03-01,6451210000000
1996-04-01,6813280000000
1996-05-01,6813280000000
1996-06-01,6813280000000
1996-07-01,7204600000000
1996-08-01,7204600000000
1996-09-01,7204600000000
1996-10-01,7609490000000
1996-11-01,7609490000000
1996-12-01,7609490000000
1997-01-01,7958130000000
1997-02-01,7958130000000
1997-03-01,7958130000000
1997-04-01,8281150000000
1997-05-01,8281150000000
1997-06-01,8281150000000
1997-07-01,8589240000000
1997-08-01,8589240000000
1997-09-01,8589240000000
1997-10-01,9099530000000
1997-11-01,9099530000000
1997-12-01,9099530000000
1998-01-01,9203780000000
1998-02-01,9203780000000
1998-03-01,9203780000000
1998-04-01,9465760000000
1998-05-01,9465760000000
1998-06-01,9465760000000
1998-07-01,9979450000000
1998-08-01,9979450000000
1998-09-01,9979450000000
1998-10-01,10449850000000
1998-11-01,10449850000000
1998-12-01,10449850000000
