Date,Value,Source
2009-05-05,43.7,Historic U.S. ISM Services PMI.xlsx
2009-06-03,44.0,Historic U.S. ISM Services PMI.xlsx
2009-07-06,47.0,Historic U.S. ISM Services PMI.xlsx
2009-08-05,46.4,Historic U.S. ISM Services PMI.xlsx
2009-09-03,48.4,Historic U.S. ISM Services PMI.xlsx
2009-10-05,50.9,Historic U.S. ISM Services PMI.xlsx
2009-11-04,50.6,Historic U.S. ISM Services PMI.xlsx
2009-12-03,48.7,Historic U.S. ISM Services PMI.xlsx
2010-01-06,50.1,Historic U.S. ISM Services PMI.xlsx
2010-02-03,50.5,Historic U.S. ISM Services PMI.xlsx
2010-03-03,53.0,Historic U.S. ISM Services PMI.xlsx
2010-04-05,55.4,Historic U.S. ISM Services PMI.xlsx
2010-05-05,55.4,Historic U.S. ISM Services PMI.xlsx
2010-06-03,55.4,Historic U.S. ISM Services PMI.xlsx
2010-07-06,53.8,Historic U.S. ISM Services PMI.xlsx
2010-08-04,54.3,Historic U.S. ISM Services PMI.xlsx
2010-09-03,51.5,Historic U.S. ISM Services PMI.xlsx
2010-10-05,53.2,Historic U.S. ISM Services PMI.xlsx
2010-11-03,54.3,Historic U.S. ISM Services PMI.xlsx
2010-12-03,55.0,Historic U.S. ISM Services PMI.xlsx
2011-01-05,57.1,Historic U.S. ISM Services PMI.xlsx
2011-02-03,59.4,Historic U.S. ISM Services PMI.xlsx
2011-03-03,59.7,Historic U.S. ISM Services PMI.xlsx
2011-04-05,57.3,Historic U.S. ISM Services PMI.xlsx
2011-05-04,52.8,Historic U.S. ISM Services PMI.xlsx
2011-06-03,54.6,Historic U.S. ISM Services PMI.xlsx
2011-07-06,53.3,Historic U.S. ISM Services PMI.xlsx
2011-08-03,52.7,Historic U.S. ISM Services PMI.xlsx
2011-09-06,53.3,Historic U.S. ISM Services PMI.xlsx
2011-10-05,53.0,Historic U.S. ISM Services PMI.xlsx
2011-11-03,52.9,Historic U.S. ISM Services PMI.xlsx
2011-12-05,52.0,Historic U.S. ISM Services PMI.xlsx
2012-01-05,52.6,Historic U.S. ISM Services PMI.xlsx
2012-02-03,56.8,Historic U.S. ISM Services PMI.xlsx
2012-03-05,57.3,Historic U.S. ISM Services PMI.xlsx
2012-04-04,56.0,Historic U.S. ISM Services PMI.xlsx
2012-05-03,53.5,Historic U.S. ISM Services PMI.xlsx
2012-06-05,53.7,Historic U.S. ISM Services PMI.xlsx
2012-07-05,52.1,Historic U.S. ISM Services PMI.xlsx
2012-08-03,52.6,Historic U.S. ISM Services PMI.xlsx
2012-09-06,53.7,Historic U.S. ISM Services PMI.xlsx
2012-10-03,55.1,Historic U.S. ISM Services PMI.xlsx
2012-11-05,54.2,Historic U.S. ISM Services PMI.xlsx
2012-12-05,54.7,Historic U.S. ISM Services PMI.xlsx
2013-01-04,56.1,Historic U.S. ISM Services PMI.xlsx
2013-02-05,55.2,Historic U.S. ISM Services PMI.xlsx
2013-03-05,56.0,Historic U.S. ISM Services PMI.xlsx
2013-04-03,54.4,Historic U.S. ISM Services PMI.xlsx
2013-05-03,53.1,Historic U.S. ISM Services PMI.xlsx
2013-06-05,53.7,Historic U.S. ISM Services PMI.xlsx
2013-07-03,52.2,Historic U.S. ISM Services PMI.xlsx
2013-08-05,56.0,Historic U.S. ISM Services PMI.xlsx
2013-09-05,58.6,Historic U.S. ISM Services PMI.xlsx
2013-10-03,54.4,Historic U.S. ISM Services PMI.xlsx
2013-11-05,55.4,Historic U.S. ISM Services PMI.xlsx
2013-12-04,53.9,Historic U.S. ISM Services PMI.xlsx
2014-01-06,53.0,Historic U.S. ISM Services PMI.xlsx
2014-02-05,54.0,Historic U.S. ISM Services PMI.xlsx
2014-03-05,51.6,Historic U.S. ISM Services PMI.xlsx
2014-04-03,53.1,Historic U.S. ISM Services PMI.xlsx
2014-05-05,55.2,Historic U.S. ISM Services PMI.xlsx
2014-06-04,56.3,Historic U.S. ISM Services PMI.xlsx
2014-07-03,56.0,Historic U.S. ISM Services PMI.xlsx
2014-08-05,58.7,Historic U.S. ISM Services PMI.xlsx
2014-09-04,59.6,Historic U.S. ISM Services PMI.xlsx
2014-10-03,58.6,Historic U.S. ISM Services PMI.xlsx
2014-11-05,57.1,Historic U.S. ISM Services PMI.xlsx
2014-12-03,59.3,Historic U.S. ISM Services PMI.xlsx
2015-01-06,56.2,Historic U.S. ISM Services PMI.xlsx
2015-02-04,56.7,Historic U.S. ISM Services PMI.xlsx
2015-03-04,56.9,Historic U.S. ISM Services PMI.xlsx
2015-04-06,56.5,Historic U.S. ISM Services PMI.xlsx
2015-05-05,57.8,Historic U.S. ISM Services PMI.xlsx
2015-06-03,55.7,Historic U.S. ISM Services PMI.xlsx
2015-07-06,56.0,Historic U.S. ISM Services PMI.xlsx
2015-08-05,60.3,Historic U.S. ISM Services PMI.xlsx
2015-09-03,59.0,Historic U.S. ISM Services PMI.xlsx
2015-10-05,56.9,Historic U.S. ISM Services PMI.xlsx
2015-11-04,59.1,Historic U.S. ISM Services PMI.xlsx
2015-12-03,55.9,Historic U.S. ISM Services PMI.xlsx
2016-01-06,55.3,Historic U.S. ISM Services PMI.xlsx
2016-02-03,53.5,Historic U.S. ISM Services PMI.xlsx
2016-03-03,53.4,Historic U.S. ISM Services PMI.xlsx
2016-04-05,54.5,Historic U.S. ISM Services PMI.xlsx
2016-05-04,55.7,Historic U.S. ISM Services PMI.xlsx
2016-06-03,52.9,Historic U.S. ISM Services PMI.xlsx
2016-07-06,56.5,Historic U.S. ISM Services PMI.xlsx
2016-08-03,55.5,Historic U.S. ISM Services PMI.xlsx
2016-09-06,51.4,Historic U.S. ISM Services PMI.xlsx
2016-10-05,57.1,Historic U.S. ISM Services PMI.xlsx
2016-11-03,54.8,Historic U.S. ISM Services PMI.xlsx
2016-12-05,57.2,Historic U.S. ISM Services PMI.xlsx
2017-01-05,57.2,Historic U.S. ISM Services PMI.xlsx
2017-02-03,56.5,Historic U.S. ISM Services PMI.xlsx
2017-03-03,57.6,Historic U.S. ISM Services PMI.xlsx
2017-04-05,55.2,Historic U.S. ISM Services PMI.xlsx
2017-05-03,57.5,Historic U.S. ISM Services PMI.xlsx
2017-06-05,56.9,Historic U.S. ISM Services PMI.xlsx
2017-07-06,57.4,Historic U.S. ISM Services PMI.xlsx
2017-08-03,53.9,Historic U.S. ISM Services PMI.xlsx
2017-09-06,55.3,Historic U.S. ISM Services PMI.xlsx
2017-10-04,59.8,Historic U.S. ISM Services PMI.xlsx
2017-11-03,60.1,Historic U.S. ISM Services PMI.xlsx
2017-12-05,57.4,Historic U.S. ISM Services PMI.xlsx
2018-01-05,55.9,Historic U.S. ISM Services PMI.xlsx
2018-02-05,59.9,Historic U.S. ISM Services PMI.xlsx
2018-03-05,59.5,Historic U.S. ISM Services PMI.xlsx
2018-04-04,58.8,Historic U.S. ISM Services PMI.xlsx
2018-05-03,56.8,Historic U.S. ISM Services PMI.xlsx
2018-06-05,58.6,Historic U.S. ISM Services PMI.xlsx
2018-07-05,59.1,Historic U.S. ISM Services PMI.xlsx
2018-08-03,55.7,Historic U.S. ISM Services PMI.xlsx
2018-09-06,58.5,Historic U.S. ISM Services PMI.xlsx
2018-10-03,61.6,Historic U.S. ISM Services PMI.xlsx
2018-11-05,60.3,Historic U.S. ISM Services PMI.xlsx
2018-12-06,60.7,Historic U.S. ISM Services PMI.xlsx
2019-01-07,57.6,Historic U.S. ISM Services PMI.xlsx
2019-02-05,56.7,Historic U.S. ISM Services PMI.xlsx
2019-03-05,59.7,Historic U.S. ISM Services PMI.xlsx
2019-04-03,56.1,Historic U.S. ISM Services PMI.xlsx
2019-05-03,55.5,Historic U.S. ISM Services PMI.xlsx
2019-06-05,56.9,Historic U.S. ISM Services PMI.xlsx
2019-07-03,55.1,Historic U.S. ISM Services PMI.xlsx
2019-08-05,53.7,Historic U.S. ISM Services PMI.xlsx
2019-09-05,56.4,Historic U.S. ISM Services PMI.xlsx
2019-10-03,52.6,Historic U.S. ISM Services PMI.xlsx
2019-11-05,54.7,Historic U.S. ISM Services PMI.xlsx
2019-12-04,53.9,Historic U.S. ISM Services PMI.xlsx
2020-01-07,55.0,Historic U.S. ISM Services PMI.xlsx
2020-02-05,55.5,Historic U.S. ISM Services PMI.xlsx
2020-03-04,57.3,Historic U.S. ISM Services PMI.xlsx
2020-04-03,52.5,Historic U.S. ISM Services PMI.xlsx
2020-05-05,41.8,Historic U.S. ISM Services PMI.xlsx
2020-06-03,45.4,Historic U.S. ISM Services PMI.xlsx
2020-07-06,57.1,Historic U.S. ISM Services PMI.xlsx
2020-08-05,58.1,Historic U.S. ISM Services PMI.xlsx
2020-09-03,56.9,Historic U.S. ISM Services PMI.xlsx
2020-10-05,57.8,Historic U.S. ISM Services PMI.xlsx
2020-11-04,56.6,Historic U.S. ISM Services PMI.xlsx
2020-12-03,55.9,Historic U.S. ISM Services PMI.xlsx
2021-01-07,57.2,Historic U.S. ISM Services PMI.xlsx
2021-02-03,58.7,Historic U.S. ISM Services PMI.xlsx
2021-03-03,55.3,Historic U.S. ISM Services PMI.xlsx
2021-04-05,63.7,Historic U.S. ISM Services PMI.xlsx
2021-05-05,62.7,Historic U.S. ISM Services PMI.xlsx
2021-06-03,64.0,Historic U.S. ISM Services PMI.xlsx
2021-07-06,60.1,Historic U.S. ISM Services PMI.xlsx
2021-08-04,64.1,Historic U.S. ISM Services PMI.xlsx
2021-09-03,61.7,Historic U.S. ISM Services PMI.xlsx
2021-10-05,61.9,Historic U.S. ISM Services PMI.xlsx
2021-11-03,66.7,Historic U.S. ISM Services PMI.xlsx
2021-12-03,69.1,Historic U.S. ISM Services PMI.xlsx
2022-01-06,62.0,Historic U.S. ISM Services PMI.xlsx
2022-02-03,59.9,Historic U.S. ISM Services PMI.xlsx
2022-03-03,56.5,Historic U.S. ISM Services PMI.xlsx
2022-04-05,58.3,Historic U.S. ISM Services PMI.xlsx
2022-05-04,57.1,Historic U.S. ISM Services PMI.xlsx
2022-06-03,55.9,Historic U.S. ISM Services PMI.xlsx
2022-07-06,55.3,Historic U.S. ISM Services PMI.xlsx
2022-08-03,56.7,Historic U.S. ISM Services PMI.xlsx
2022-09-06,56.9,Historic U.S. ISM Services PMI.xlsx
2022-10-05,56.7,Historic U.S. ISM Services PMI.xlsx
2022-11-03,54.4,Historic U.S. ISM Services PMI.xlsx
2022-12-05,56.5,Historic U.S. ISM Services PMI.xlsx
2023-01-06,49.6,Historic U.S. ISM Services PMI.xlsx
2023-02-03,55.2,Historic U.S. ISM Services PMI.xlsx
2023-03-03,55.1,Historic U.S. ISM Services PMI.xlsx
2023-04-05,51.2,Historic U.S. ISM Services PMI.xlsx
2023-05-03,51.9,Historic U.S. ISM Services PMI.xlsx
2023-06-05,50.3,Historic U.S. ISM Services PMI.xlsx
2023-07-06,53.9,Historic U.S. ISM Services PMI.xlsx
2023-08-03,52.7,Historic U.S. ISM Services PMI.xlsx
2023-09-06,54.5,Historic U.S. ISM Services PMI.xlsx
2023-10-04,53.6,Historic U.S. ISM Services PMI.xlsx
2023-11-03,51.8,Historic U.S. ISM Services PMI.xlsx
2023-12-05,52.7,Historic U.S. ISM Services PMI.xlsx
2024-01-05,50.6,Historic U.S. ISM Services PMI.xlsx
2024-02-05,53.4,Historic U.S. ISM Services PMI.xlsx
2024-03-05,52.6,Historic U.S. ISM Services PMI.xlsx
2024-04-03,51.4,Historic U.S. ISM Services PMI.xlsx
2024-05-03,49.4,Historic U.S. ISM Services PMI.xlsx
2024-06-05,53.8,Historic U.S. ISM Services PMI.xlsx
2024-07-03,48.8,Historic U.S. ISM Services PMI.xlsx
2024-08-05,51.4,Historic U.S. ISM Services PMI.xlsx
2024-09-05,51.5,Historic U.S. ISM Services PMI.xlsx
2024-10-03,54.9,Historic U.S. ISM Services PMI.xlsx
2024-11-05,56.0,Historic U.S. ISM Services PMI.xlsx
2024-12-04,52.1,Historic U.S. ISM Services PMI.xlsx
2025-01-07,54.1,Historic U.S. ISM Services PMI.xlsx
2025-02-05,52.8,Historic U.S. ISM Services PMI.xlsx
2025-03-05,53.5,Historic U.S. ISM Services PMI.xlsx
2025-04-03,50.8,Historic U.S. ISM Services PMI.xlsx
2025-05-05,51.6,Historic U.S. ISM Services PMI.xlsx
2025-06-04,49.9,Historic U.S. ISM Services PMI.xlsx
2025-07-03,50.8,Historic U.S. ISM Services PMI.xlsx
2025-08-05,50.1,Historic U.S. ISM Services PMI.xlsx
2025-09-04,52.0,Historic U.S. ISM Services PMI.xlsx
2025-10-03,50.0,Historic U.S. ISM Services PMI.xlsx
2025-11-05,52.4,Historic U.S. ISM Services PMI.xlsx
2025-12-03,52.6,Historic U.S. ISM Services PMI.xlsx
